[{"ID":"169267d2-b0bf-4fde-be77-accb07a1d06d","Description":"Build my own Blazor app","IsComplete":false,"DateCreated":"2020-05-07T14:05:56.5808273+05:30"},{"ID":"21348533-e98c-4a0c-921c-03b299de7c13","Description":"Make the readers squint","IsComplete":false,"DateCreated":"2020-05-07T14:06:09.1340956+05:30"},{"ID":"48d4d67e-aa62-4eb8-bab9-57568c531f89","Description":"Another test item","IsComplete":true,"DateCreated":"2021-07-08T04:50:45.6701547+05:30"},{"ID":"d2da2e78-edcd-4ed1-b0a9-cdec42a47732","Description":"hello","IsComplete":true,"DateCreated":"2022-03-27T22:31:16.5317593+05:30"},{"ID":"e3cf9640-03fa-4098-9903-78db613a2738","Description":"demo","IsComplete":true,"DateCreated":"2022-03-27T22:32:03.1204405+05:30"},{"ID":"b3d02c43-ef73-4afb-9144-5a5284f406d8","Description":"helloooo","IsComplete":false,"DateCreated":"2022-03-27T22:33:13.0723104+05:30"},{"ID":"e88fde38-0744-4673-b656-939187c9aed7","Description":"test","IsComplete":false,"DateCreated":"2022-03-30T13:04:55.688+05:30"},{"ID":"93f11bde-9fb0-45d6-8090-ec2e21513925","Description":"test demo","IsComplete":false,"DateCreated":"2022-03-30T14:49:49.679+05:30"}]